day,sentiment_mean,sentiment_std,subjectivity_mean,subjectivity_std,counting
000-00-00,0.0,0.0,0.0,0.0,12.0
2022-09-26,0.659449672199657,0.7682550572665013,-0.12138738215354973,0.6327337800371308,9.0
2022-09-27,-0.09324422898288162,1.437078639459458,-0.5949999145488625,0.08488462050616656,5.0
2022-09-28,-0.04631413364505942,1.2535722566197431,1.0451269177946783,2.0462248146587214,8.0
2022-09-29,0.26811990098151733,0.853030349110754,-0.24300327977841196,0.4920500038863111,11.0
2022-09-30,0.268420793487545,0.8848385212336609,-0.23560143559838437,0.6001465964507737,23.0
2022-10-01,0.14360626998970888,1.425040553113528,-0.17014935054833755,0.8353096591822752,9.0
2022-10-02,0.7850187707843843,1.0718167412726303,0.11333097316856997,1.0484875176298913,9.0
2022-10-03,-0.7065459568457301,0.7104332661614505,-0.32460792029310315,0.5874401815265066,7.0
2022-10-04,-0.1928242907566585,0.5128723947222715,0.0017514339922980275,0.8137118147136558,12.0
2022-10-05,-0.10232837024366942,1.2752295254760349,-0.2429884323059244,0.7388314185549842,19.0
2022-10-06,-0.03402203161814432,0.9802696559723748,-0.2426148432686896,0.5238965196861767,21.0
2022-10-07,0.07293878184842997,0.6593596435480815,0.4029875525545475,1.5006896623660995,27.0
2022-10-08,-0.029624231281025187,1.1957239749662358,-0.5825139991516507,0.09637421465175003,14.0
2022-10-09,0.0007915400436874989,0.9639182001101214,-0.3976358047494186,0.5725748947425765,13.0
2022-10-10,-0.10121403021559999,1.2627035590290945,0.11483340622378056,0.9859095370114783,19.0
2022-10-11,0.194372419500946,1.0127811249029783,0.1123940258149507,0.9163795098403682,28.0
2022-10-12,-0.05941816391157185,0.8393055462255515,-0.38755503822594217,0.3490943096152637,26.0
2022-10-13,-0.259920643234126,1.0573098727490602,-0.3569716453294946,0.5960773570141978,26.0
2022-10-14,0.013917444555428463,0.9135665295295681,-0.35206916110581643,0.6301843183409217,29.0
2022-10-15,0.43882449084035763,1.1725925839538476,0.18021510453784162,1.1418467693536032,21.0
2022-10-16,0.08838614144418655,0.8738094971906495,0.1496213567601794,1.1929611774374462,29.0
2022-10-17,0.04369150295301487,1.0755741924754874,-0.06779145896456687,0.9990917784986009,32.0
2022-10-18,-0.11422186363879616,1.0045921035765975,-0.17881117063738663,0.6477641426842071,26.0
2022-10-19,-0.16399316159452287,1.0497752030717111,-0.12196227682378531,0.9161954296747531,23.0
2022-10-20,-0.07654756200459846,1.0689966632240075,0.5229343232053479,1.2099609139964322,24.0
2022-10-21,0.23776460465381313,0.9160286220769185,-0.18287460200136327,0.8398003312104247,44.0
2022-10-22,0.2236083404532947,1.4747827222493153,-0.5442215184090217,0.16630604656163725,12.0
2022-10-23,0.14712523595745622,1.078963331334585,0.02347125618586564,0.8337606501094774,21.0
2022-10-24,0.11416692737813375,1.0316140205509718,-0.1292924764607119,0.844376743221602,32.0
2022-10-25,0.04759623919797877,0.7034511268484068,0.2811106900399729,1.2355914646134312,20.0
2022-10-26,0.10156900798591428,0.6658497842142622,-0.3346754769716929,0.5787899156448717,32.0
2022-10-27,0.12215126872591166,0.9531743354660929,-0.014162110063866567,1.1767739055791344,69.0
2022-10-28,0.48210765895725954,0.9541742207971866,-0.02849515830520187,1.094744962448492,32.0
2022-10-29,0.27663724548367596,0.9333233234080679,-0.20361839469176624,0.6471921852665343,17.0
2022-10-30,0.10305883837381777,1.0128020597489507,0.16655597026540828,0.6890181920196152,21.0
2022-10-31,0.13258047160692663,0.8646211381166841,0.23861152440398742,1.1182193340942828,32.0
2022-11-01,0.0484778573871395,0.9514614666657941,-0.04221036898878794,0.94970566835286,76.0
2022-11-02,0.1477864584663922,1.0259743090608107,-0.22179201368008714,0.6438779363089847,25.0
2022-11-03,0.01682307465700353,1.0545784140966195,0.05101904736313922,0.8803460281314454,34.0
2022-11-04,-0.15228919548158734,1.0691201350603898,-0.415608438286971,0.47800725100192587,46.0
2022-11-05,0.09708168086937488,0.8525643073460712,-0.14623069677693143,0.9081478532363422,21.0
2022-11-06,-0.3487507514916872,1.3059314258076007,-0.2726638023734454,0.5838748795317917,25.0
2022-11-07,0.26864519709565055,1.0665634639037969,0.4844668440396042,1.5190434781579385,27.0
2022-11-08,-0.26547086229617084,0.848053167509864,0.2753172849183585,1.249872241780759,17.0
2022-11-09,0.18997096740592528,0.9540936332835055,-0.10834440499500494,0.9795079808283976,26.0
2022-11-10,0.1958521960665548,1.2213543860796334,-0.2553589797148882,0.5868739298422198,21.0
2022-11-11,-0.016555519756718103,0.638379937122321,-0.054501906942272145,0.9412092145048073,26.0
2022-11-12,0.05328363096952166,0.9537000358889779,-0.13550046411883016,0.7868576250577816,30.0
2022-11-13,0.012416110535019427,0.8955206944480592,0.042935462185334894,0.9795228816397857,80.0
2022-11-14,-0.11502344036333066,1.031663387862752,0.008425345756877256,0.8663244400239221,52.0
2022-11-15,0.17741653309364994,0.7640287525718366,-0.09630041938665339,0.8400379580712527,24.0
2022-11-16,-0.09915078047474925,0.8355021671174753,0.09054632685452473,0.989598051419164,22.0
2022-11-17,0.07476410137058147,0.9616778123727724,-0.008099829007635062,0.9592787088908715,80.0
2022-11-18,0.27960109462879945,0.812946918366348,-0.06346837082416185,0.8876806509808362,36.0
2022-11-19,-0.5298372915340653,0.9849945340544533,-0.3428456877070388,0.5744198733930447,22.0
2022-11-20,0.13249349295054771,0.8275072104212289,-0.14078314790129665,0.7289017525632661,17.0
2022-11-21,0.01495585064087786,0.8839659921780934,-0.1114170752959845,0.8910464461930016,27.0
2022-11-22,-0.013049063626186781,0.703283860219791,-0.18268717484763555,0.7651471189454281,25.0
2022-11-23,0.29506556535448775,0.9918387732330362,-0.14341690838511023,0.9051162100254984,35.0
2022-11-24,-0.07557544436213187,0.7537102999300723,0.07862474187165608,0.7810363440455357,11.0
2022-11-25,-0.14231665440044888,0.7819262165192427,-0.04302405335614796,0.7686384055039707,14.0
2022-11-26,-0.0790194849507035,0.6005346097632028,-0.13169131591756592,0.7164051212678734,14.0
2022-11-27,-0.12493332665449512,0.3583614189601585,0.3128806673194307,1.2569777587357926,9.0
2022-11-28,-0.2127708888977719,0.9315492741933007,0.7529997162114945,1.4431409708895564,16.0
2022-11-29,0.13342751605861863,0.9707946061145262,-0.1863363891451216,0.8411739238202363,14.0
2022-11-30,-0.1809230447359447,0.9212926646395314,-0.10251062384398177,0.8906244068553305,40.0
2022-12-01,0.3624820457828527,1.277352403268107,0.2602540796387999,1.2604125489895843,15.0
2022-12-02,0.2542756919418624,0.8280818908097,0.05789871073688541,0.9641956469360627,15.0
2022-12-03,0.34994566639797303,0.8619796639143189,0.03567881371343472,0.92189574052313,21.0
2022-12-04,0.039174124328307705,0.9552973200921815,0.19075683188284526,1.3537525695039838,15.0
2022-12-05,0.045294653084079005,0.7923452634177519,0.019201978650343687,1.0256176195802105,37.0
2022-12-06,-0.03154304929068015,0.722410947409423,-0.35251385994830636,0.5309751979601892,20.0
2022-12-07,0.14878096249552278,0.6049414935982284,-0.059939742887507225,1.0772687011691628,12.0
2022-12-08,-0.23157025453903066,1.0952876569537537,0.11444999764253791,1.0267820134210106,29.0
2022-12-09,0.1656017138723768,0.9674937325557715,-0.14162353807535272,0.894588375950382,32.0
2022-12-10,0.2664926312555436,0.778744078637001,-0.5471859784676846,0.14062385766409005,13.0
2022-12-11,0.08513557667174027,0.5954696759886,0.1791258296197509,1.2624424465639685,9.0
2022-12-12,-0.1942418761803437,0.9404038125887475,0.3548455343532711,1.2645785750794334,25.0
2022-12-13,-0.04712810224835597,0.8533035830956629,-0.15922262916478835,0.8175527976892606,20.0
2022-12-14,-0.2617860468122289,1.0918916110756638,-0.38978748710363914,0.4231861374613105,38.0
2022-12-15,0.18772881175686582,0.8450555787806062,-0.023183182802235625,0.8430275919079413,20.0
2022-12-16,-0.46109737829371344,0.7231135813228432,-0.004395849471778191,1.0910296562674946,20.0
2022-12-17,-0.20272508042694418,0.9764740783388739,0.034252088700469877,1.038456331106564,19.0
2022-12-18,-0.16099141876755027,0.965102158540495,-0.11993275279529166,0.8189470320801948,29.0
2022-12-19,-0.33576553081046084,1.0032283868980294,-0.045725180780785746,0.8702610906816772,68.0
2022-12-20,0.016212333616090754,0.8161599246026335,0.03761904922841356,1.035908206972346,41.0
2022-12-21,-0.3613446691178313,0.8039653519777287,0.36787984451259537,1.2051291039619394,15.0
2022-12-22,0.2236514483699513,0.9069316388374371,-0.1352230079875832,0.7914775975746968,19.0
2022-12-23,0.44306661608042297,1.0123655989234808,-0.25623624734704314,0.5049018089549592,21.0
2022-12-24,-0.10811941807313911,0.9967069605388498,0.8942538704934343,1.780878974461247,23.0
2022-12-25,-0.11978174289196414,0.9750950822739025,0.1767406029523683,1.1142113413323542,12.0
2022-12-26,-0.0004346116949206412,1.0278173551617924,-0.1316742916154028,0.9795904203208918,17.0
2022-12-27,0.033903406555581855,1.0033046664864615,0.1361215505403633,1.1373008055133471,29.0
2022-12-28,0.2061764231740922,1.1793336142376247,-0.5250230251547394,0.1581229342831625,25.0
2022-12-29,0.968425102905455,0.9867174615396159,-0.5033703894350271,0.10518323644404096,6.0
2022-12-30,0.09545011622286984,0.9425642892395096,0.4787746424239823,1.383670961217417,14.0
2022-12-31,-0.26343860116309875,0.6079160351745523,0.14023648928368326,1.009426768862966,9.0
2023-01-01,0.34608961108492,0.8325378585158292,-0.32704298952507943,0.4780991996120409,14.0
2023-01-02,0.023641077303589997,0.951249175836913,-0.24114921674561007,0.6274290462390911,17.0
2023-01-03,-0.161196752666352,0.6243381426606924,0.0935649148971547,0.9181674381942432,23.0
2023-01-04,-0.007652745075848627,1.4024749474787066,-0.15559841438100816,0.929645367282743,30.0
2023-01-05,0.25422679527590447,1.3665213592579684,-0.05413738853920089,0.7247974840232985,17.0
2023-01-06,0.10143921142761622,1.0284506243199152,0.5420715522221352,1.431851722776055,17.0
2023-01-07,0.19855592520805984,0.8195132734210112,0.13600229755934815,0.837402085660442,24.0
2023-01-08,0.0025228892240357795,1.022126429853456,0.39795417111969383,1.2764863147255963,26.0
2023-01-09,0.013529731070467411,1.046793977682014,0.1322874214624847,1.1771519748935606,19.0
2023-01-10,0.09683920732696914,0.7605449719898547,-0.057368218311662306,0.7003419808334116,26.0
2023-01-11,0.21526053987889185,0.7850214066461777,-0.45419756476582074,0.21089417748643371,9.0
2023-01-12,0.09203467446054425,0.9883416760940954,-0.1897118472279659,0.7139904123283447,32.0
2023-01-13,0.06361738506435871,0.8816585354244725,-0.028902171576687317,0.9852922193733021,33.0
2023-01-14,-0.15284527687997781,0.7637071008308847,-0.126903774827211,0.8242579437269145,46.0
2023-01-15,-0.39882632205779883,0.7553279258124438,-0.24669695581727927,0.7001432649007701,17.0
2023-01-16,0.08768914102140295,0.9577154888571394,0.2551747099016118,1.1064021776553108,17.0
2023-01-17,-0.2007035890185119,1.054138268220797,0.055707386332396,0.9888967512625355,25.0
2023-01-18,0.18668688082381166,0.7652205124640282,-0.07777589158144241,1.025536418784234,22.0
2023-01-19,-0.10500650921637558,0.8403817091122908,-0.3591728862927445,0.5985811203030559,22.0
2023-01-20,-0.20139427150522282,0.818288478529245,0.1109334519959399,1.2323519913970589,34.0
2023-01-21,0.2927048192625485,1.1594870647245323,0.221223363667595,1.0449901448756296,18.0
2023-01-22,0.27333356147264953,1.3262425525626154,-0.19860435800924453,0.6417382528028143,35.0
2023-01-23,-0.5536775435353238,1.3028520699812756,-0.03480153414472141,0.876943025389008,19.0
2023-01-24,-0.03716804033970634,0.9235832631757888,-0.3853149337295836,0.32263968223583883,20.0
2023-01-25,-0.18536644850929293,0.9021611008577898,-0.41171077075733614,0.28169239417276226,10.0
2023-01-26,-0.5335659426900599,1.0035182506669436,0.009632948967771959,0.9144788652604251,16.0
2023-01-27,-0.12390757076746375,1.048216357363981,0.0069806867969642375,1.5054993445460183,25.0
2023-01-28,-0.30141263008114466,0.8511411170430425,-0.09740653948444059,0.9859393730085464,14.0
2023-01-29,0.35426326040466855,0.6647242574913457,-0.3121040652787564,0.6122758450583821,9.0
2023-01-30,0.01391479725289149,0.500328524550204,-0.257531040337078,0.8378796227047087,13.0
2023-01-31,0.07717382685742782,1.1096935471931844,-0.04540920675387546,0.9207096868931627,19.0
2023-02-01,-0.43514017674023314,0.9406390240514025,-0.08048536158283207,0.7166170809768357,15.0
2023-02-02,-0.3020844385055131,0.8803258599588022,-0.4637001036533903,0.22625414455593246,12.0
2023-02-03,0.26466856175596426,1.0401501813217318,-0.009526521214092702,0.8189054140486131,32.0
2023-02-04,0.3139637002854719,0.6020798959933394,0.2765644880956519,1.417855006277407,9.0
2023-02-05,-0.12494207121873573,1.1238854599813444,0.14304022187699234,0.9757293018772065,21.0
2023-02-06,-0.2703188640005058,0.7937316650554138,0.07873504806881867,0.9620824029774185,15.0
2023-02-07,-0.030149112619943998,1.1241135603766506,0.3115380029361528,1.406369490751883,20.0
2023-02-08,0.3874815066333727,0.6233381914414233,0.6554541203661015,1.6080977492751394,13.0
2023-02-09,0.014063622773845121,1.052591198177352,-0.3047237206611936,0.6060213849042532,8.0
2023-02-10,0.7019674827059378,1.0395804845666283,-0.09204569329849874,0.8240566354338644,10.0
2023-02-11,-0.05922314921666842,0.8977688291928595,-0.22970734560014622,0.629657443602333,20.0
2023-02-12,0.13783017914715387,0.9211072042815548,-0.0193258475368795,1.0217109448314408,14.0
2023-02-13,0.06995751546950911,0.59802236853416,0.06742580857960914,1.017711472840371,13.0
2023-02-14,0.5981264039237354,0.7964403819918666,-0.4804013351687441,0.118668484763751,10.0
2023-02-15,-0.1061435123054873,0.7814529887354278,0.06746273557658605,1.1587925681074533,9.0
2023-02-16,-0.2069952136914388,0.8848565863466611,-0.23010987251490472,0.6896718968740816,22.0
2023-02-17,-0.31494860497053745,0.8774400777002623,-0.17335650847149053,0.7233305954036484,16.0
2023-02-18,-0.06240787841446731,0.5472093147058358,0.5973004313336621,1.5262925291256175,17.0
2023-02-19,-0.05461050314747915,0.6866815974899633,-0.12621646208745912,0.9687401051545421,15.0
2023-02-20,0.2755944043662151,1.0087544708076472,0.0006166567063319717,0.8800924993094377,28.0
2023-02-21,0.18705420556112443,0.7004172707213994,0.2590383538123615,0.9516731431203314,25.0
2023-02-22,0.020146446942605267,0.7024793617777867,0.1524022280681257,1.0057570350459168,21.0
2023-02-23,-0.6793313589979184,1.3721199352861475,0.25557244245734295,1.351641766130418,15.0
2023-02-24,-0.20288058252650654,1.0127946950321676,-0.34989583062994095,0.37428008679377117,22.0
2023-02-25,-0.20945981878828088,1.044554979746426,-0.24493588697150692,0.7004817002902313,32.0
2023-02-26,-0.04960234803241014,0.9992179024905337,-0.13147815898406923,0.9173140029860654,36.0
2023-02-27,0.06882406527938359,1.0895894439836262,0.18461982627230886,1.084538452293436,45.0
2023-02-28,-0.1783807882365034,0.9586871041601369,0.5523047034108007,1.369879056358517,20.0
2023-03-01,0.04838182337944236,0.6346847528277669,0.17029564759987817,1.1131590545362635,28.0
2023-03-02,0.19414933107810323,0.9847377498647604,0.385681501007514,1.5376345083250802,31.0
2023-03-03,-0.2494647849555746,0.8625919512271673,-0.12981502811931264,0.7355302783109812,17.0
2023-03-04,0.1246981770390908,1.0417297690001495,-0.13519559169308776,0.6286588564093145,9.0
2023-03-05,-0.23721726809914412,1.0439856565383936,0.00044148832710755624,1.2527590125081336,18.0
2023-03-06,-0.06800649658863249,0.8119224054433376,-0.007324480585001683,0.8226605154351864,25.0
2023-03-07,-0.11947140459610593,0.7558021859311022,-0.1583328051627916,0.834099783962804,19.0
2023-03-08,-0.23645160258363185,0.837364467871923,-0.05215957166269406,0.8285019096890991,21.0
2023-03-09,0.29135816113793517,0.9449162808089988,0.27197597500663534,1.0668269329836628,17.0
2023-03-10,-0.24043427769713654,0.9441772818625795,0.16507839552825126,1.2875945191603035,42.0
2023-03-11,-0.5413216179762687,0.8311525434864543,-0.08340234527348822,0.8231451288997679,14.0
2023-03-12,0.11154513409603214,0.9906156751842782,-0.25675664734896037,0.6071040930430843,23.0
2023-03-13,0.038571218341050886,1.5823702949009344,-0.16979131285634794,0.7436704514703545,23.0
2023-03-14,0.048676031602159824,1.0971796402352716,-0.016634067081204053,0.9954638573282756,16.0
2023-03-15,0.13996463723490157,1.1231310242940384,-0.18926405598941007,0.8110855623050284,20.0
2023-03-16,0.21694934839551072,0.8686846161252257,0.3490577805704833,1.2492392246649897,9.0
2023-03-17,0.6357539861477984,0.8995614933795861,0.11368128446107884,1.0699935303147796,13.0
2023-03-18,-0.5867555404149353,1.1963408079044628,0.0349387571691982,0.9994186146203111,14.0
2023-03-19,0.6987867569814349,1.0104356097699871,0.15296716864818355,1.2177191336787763,11.0
2023-03-20,0.4847016418824884,0.988998647712973,-0.26567533519012276,0.4165147191775722,21.0
2023-03-21,-0.14131995216728463,0.6371665422963912,0.4646843090922512,1.3422670251384436,32.0
2023-03-22,0.03620485646436038,1.3400383858736826,0.1278302351056365,1.0340709253216598,18.0
2023-03-23,-0.03579820703662626,0.7945776822594642,-0.1857516970957145,0.7943840652826446,24.0
2023-03-24,0.20973717373932266,0.6845213071078826,-0.02077655156485585,0.8204060457119207,21.0
2023-03-25,-0.3689929186500648,0.8400420688476793,-0.0751511746836046,0.7632656641271404,21.0
2023-03-26,-0.349807508495513,0.7200927859224548,-0.14727970557631154,0.8848650074138514,25.0
2023-03-27,-0.2642545750154263,1.0031432590903053,-0.02978909838959109,0.881182420066814,35.0
2023-03-28,0.8926165507563624,0.9382616650259277,-0.07164025356704318,1.031950640483028,5.0
2023-03-29,0.05174052178136429,0.8725689842882395,-0.04530531073931397,1.0518676032443934,19.0
2023-03-30,0.0991762111716564,0.9653131744247122,0.3960700526506933,1.4392770674889739,30.0
2023-03-31,-0.12669967117875655,0.7391615481436935,0.31529740942506657,1.3415571680981875,14.0
2023-04-01,-0.2321866964345967,0.8206914079144834,-0.3170279681718567,0.4447491628988463,11.0
2023-04-02,-0.7335640411083498,0.8332929519222448,-0.07830785737288601,0.7997857399656032,16.0
2023-04-03,-0.019286447363734232,0.4671166905699316,-0.07524828754939324,0.8442053520248095,24.0
2023-04-04,-0.009182871593801581,0.843183229187132,-0.3085388557739986,0.5894056348204408,12.0
2023-04-05,-0.04944072509585889,0.3704953509316016,0.14630048271365806,1.038615139526066,17.0
2023-04-06,0.5406609732759639,0.837642413798288,-0.42653800736536723,0.262544777683965,11.0
2023-04-07,0.4815095517401206,0.8410429070991718,-0.1397740355667329,0.6748008346539731,17.0
2023-04-08,-0.2486544503136895,0.1587454679051484,0.39565019175728766,1.2943682986805627,2.0
2023-04-09,0.4331810202517423,0.49831137631858086,0.3214621507225504,1.347747932170815,5.0
2023-04-10,0.33091027490127944,0.7903377523221614,0.45972704337683395,1.043103362214903,5.0
2023-04-11,-0.19370963218267467,0.7818945746690708,-0.0936787825846778,0.764573510766097,21.0
2023-04-12,-0.06334941932622833,1.0603601819730268,0.11830554431297073,1.0450269120696323,18.0
2023-04-13,-0.36136224859720323,1.309248489838074,-0.05295376151114099,0.7853815334836606,20.0
2023-04-14,0.09546792038666602,0.6047097411720361,0.18483755174434313,1.4196330394598322,22.0
2023-04-15,0.4087479521286219,1.3448244122432416,0.2568634579729832,0.968978366403887,12.0
2023-04-16,-0.4853901989247575,1.0997191923625598,0.12009540306079354,0.8331157851202431,10.0
2023-04-17,-0.10088854812927618,0.738151094964692,-0.3141301171859859,0.523518774721009,19.0
2023-04-18,-0.6623889368841728,0.8129973939219844,-0.12756495438714716,0.6592334917276985,8.0
2023-04-19,0.20784572686410263,1.3224889954136652,0.02572549567626044,0.9026048247581356,17.0
2023-04-20,0.027435477720696263,1.105728663154293,0.448089043135873,1.6047833249584391,25.0
2023-04-21,0.23823445831336276,0.9959222721974841,-0.299332576978774,0.51119422321368,18.0
2023-04-22,0.020202428618304912,0.8524536861425959,-0.08932925348866896,0.6332044323655255,20.0
2023-04-23,0.45703031399558475,0.6419683943070182,0.6768219812677415,1.3348429478084922,12.0
2023-04-24,-0.41656498027941347,1.1102605911531958,0.4085191733759005,1.0958565850214201,10.0
2023-04-25,-0.08632564535675084,1.1408350199890671,0.1760449243763391,0.94517045862605,21.0
2023-04-26,0.2191770846703626,1.041081575602062,0.3292903461196745,1.5536260085853801,13.0
2023-04-27,0.46913926826261554,0.9150251068167267,-0.04229334417082034,0.8752005470814421,26.0
2023-04-28,-0.09361095821199414,1.0596919338252688,-0.3145335715109028,0.48201217403687935,17.0
2023-04-29,-0.011180022840218701,0.7096655671417414,0.18964667971058605,1.3103301152481355,9.0
2023-04-30,0.19639371132929667,0.9406734053851745,0.5708456326492032,1.6364578709402249,8.0
2023-05-01,0.1104681450501308,0.7933665931621606,-0.1162063023124723,0.8671157687532386,14.0
2023-05-02,0.015346159367775197,1.0585722258910155,-0.042052197406993806,0.8519996796378597,16.0
2023-05-03,0.3373127868024666,0.9720152067373288,0.12768300102866292,0.9099614693499125,12.0
2023-05-04,0.0994765684273716,0.6668100037981715,0.03503369153240662,1.0003404939844052,17.0
2023-05-05,-0.22405028528805718,0.8942654364040881,-0.2779049031093711,0.6008449930274439,29.0
2023-05-06,-0.09809402892273734,0.8436488427201774,-0.38729667101153026,0.4149819306448464,14.0
2023-05-07,0.349973756974318,0.7115239407987941,-0.12685323831306514,0.8947260341492256,24.0
2023-05-08,-0.0421912138248969,0.7852217431298482,0.037475808160140935,0.8177386105327267,17.0
2023-05-09,0.251324995850026,0.8743858824732218,-0.02953372015029801,0.9296836703123091,16.0
2023-05-10,-0.1533728926740462,0.956125522696468,-0.11003926215364729,0.958020098540477,24.0
2023-05-11,-0.4203029418372162,0.8726343975376853,0.10027184993547265,0.9451413650591963,14.0
2023-05-12,0.23632508670474645,0.7853952944147631,-0.32977944678281906,0.3876108466271867,18.0
2023-05-13,0.28913729663603543,1.2365897150957497,-0.20832342478633178,0.5371339389160326,16.0
2023-05-14,-0.37119791127159657,1.0425804318554865,0.10682739854302725,1.1907645693379922,3.0
2023-05-15,0.13465621161753666,0.5741383234157443,-0.41351230383148996,0.17431232893276297,10.0
2023-05-16,0.0029859284522766793,0.7680056932822271,-0.1563447968238155,0.7238693214666881,21.0
2023-05-17,0.10743583471243702,0.7690171803886532,-0.1165297758141357,0.7917379517158706,14.0
2023-05-18,-0.3174690025951757,1.0772208341900198,-0.18063562160542013,0.586796316682494,13.0
2023-05-19,0.17503594108525494,0.9077746873959418,-0.1041709580538196,0.8849656499215879,32.0
2023-05-20,0.5819827074666655,0.8991459489307817,-0.21252403977397086,0.7109758271626236,23.0
2023-05-21,-0.012112807018194983,0.8687321396425091,-0.1150146122206495,0.7348821641256119,19.0
2023-05-22,-0.16995945449169902,0.712011575798339,-0.28626685390317613,0.6485908002487973,27.0
2023-05-23,0.07676064690216193,0.8852207736458334,-0.11273067890048802,0.7674982501785976,26.0
2023-05-24,0.02644421752414361,1.3163038300784455,-0.24721477550368892,0.6118383440862284,8.0
2023-05-25,-0.06665639421119339,0.8700726456315113,0.33567240682044414,0.8350316336637759,9.0
2023-05-26,0.021322057526349164,0.8427779419374042,0.28471874285431215,1.285478547824283,23.0
2023-05-27,0.33185609418593237,0.9263268172633184,0.35771618466515653,1.5592814983298362,10.0
2023-05-28,0.0324433363287158,1.033872475355714,-0.0310060625338293,0.5969108897706865,15.0
2023-05-29,0.19339549781854956,0.38838010222791275,-0.52491035986753,0.04122115959302235,5.0
2023-05-30,0.18346911243378286,1.0016735492142135,0.5573562872412114,1.6609452502752058,30.0
2023-05-31,0.38907408197883137,0.9750277036930108,0.3247622117005207,1.3329302799709999,12.0
2023-06-01,0.3903404325393087,0.5030585773442035,0.14587046672890386,1.5838690954935761,5.0
2023-06-02,0.2663071202474013,0.7137230626375626,0.25337142018220776,1.1085090922154104,27.0
2023-06-03,0.6894881890000327,1.0757015566805572,0.5808003753383576,1.4458807579678705,7.0
2023-06-04,0.26949852351450754,0.7879920589991745,-0.3482254247296987,0.39714194207844594,4.0
2023-06-05,0.4087285338026267,0.7058715724591735,-0.20402559838890372,0.5131907594492059,10.0
2023-06-06,-0.4386952460200621,0.5298552776907356,-0.09530054475470665,0.6716954576134769,13.0
2023-06-07,0.02090721744002514,1.0424649223261737,-0.35718911215881705,0.3934523335454931,19.0
2023-06-08,-0.39600663080941206,0.8058811253716555,0.029930481503527572,0.9282275827984258,22.0
2023-06-09,0.01740710446716069,0.9168132520827801,0.0453203690141706,1.1836332549729411,32.0
2023-06-10,0.18665821118326495,1.3887846859503379,-0.14716056758990118,0.7792616952906571,19.0
2023-06-11,0.3012353382366657,0.5431600722578356,0.19198326498373897,1.1972727510930339,9.0
2023-06-12,-0.30997871546413425,0.9556477019643115,-0.33870303715378247,0.549880052535994,8.0
2023-06-13,0.055566566834499925,0.7066157550987776,0.03459783674564729,1.2175099045765154,16.0
2023-06-14,0.07602320284431935,0.4918403616599284,-0.32773101457149045,0.6005640986424893,13.0
2023-06-15,-0.2518419095303239,0.9437376198203439,-0.0018883224787668894,1.1297597281201266,19.0
2023-06-16,0.056962276581571464,0.7065429742684965,-0.011653959080909836,0.7982801058217195,11.0
2023-06-17,-0.11751246779486409,0.37272780429070246,0.27416400177654215,0.9740119759166492,8.0
2023-06-18,0.18360422730651174,0.37587986893096215,-0.050946329637608034,0.6364828311594575,6.0
2023-06-19,0.04754752353778694,0.8687121791882112,0.04493654071326232,0.9667255102190468,38.0
2023-06-20,-0.289802209695438,0.8996813983202152,0.13020628282599966,0.9705319112321816,18.0
2023-06-21,-0.19362061075238954,0.9992434551355192,-0.3551786817349257,0.53679943593351,36.0
2023-06-22,-0.3519462292403954,0.9693193667887635,-0.048796866528191575,0.8838247988926885,46.0
2023-06-23,-0.08447945690980115,0.8218883321631792,-0.16439889440581898,1.0963793208711248,26.0
2023-06-24,0.05484861613132764,1.7136137577001476,-0.25138213450464936,0.7250873846591008,19.0
2023-06-25,-0.061415689344652864,1.0038295419597525,-0.15729262855691253,0.6839047776206719,7.0
2023-06-26,0.24059708945166403,0.9210797099570439,-0.27668453487101735,0.47229572051138624,19.0
2023-06-27,0.10962699949790339,0.3870799551580998,-0.05461696755831856,1.0704662179705602,13.0
2023-06-28,0.07061996196302536,1.1268477438530367,0.6548523471256998,1.493979048189315,7.0
2023-06-29,-0.2423996768896374,1.159655321144679,0.08636355285199883,1.240165979083808,20.0
2023-06-30,0.037041254854672516,0.7948843354385493,-0.3411368483684161,0.36360441183893544,14.0
2023-07-01,0.47644354432041586,0.5014114030061624,0.5811879165718158,1.5699459097985586,2.0
2023-07-02,-0.049404241020173476,0.28540779386536047,-0.1151681705199567,0.7892416054058937,8.0
2023-07-03,-0.022751763921990107,0.9704141199209511,-0.22628443967594203,0.7802424842585656,7.0
2023-07-04,0.0938961106898512,1.134751285556385,-0.2558765040704647,0.5032564901013138,34.0
2023-07-05,-0.831011149288586,0.8849526556178678,-0.2454652786397228,0.4835313277187854,28.0
2023-07-06,0.2940287949453329,0.8844202583060709,0.014357103031484113,0.9502796101666364,23.0
2023-07-07,0.6886340630727424,1.3827397620841466,-0.43197883407265764,0.34384360389981733,15.0
2023-07-08,0.07651542441567305,0.8129344777471292,-0.4443979064122453,0.1518218362487726,10.0
2023-07-09,1.0241959969773922,1.8229162209865517,-0.44673857917437754,0.11052569382265102,9.0
2023-07-10,0.10920563865109809,0.9141043063579902,0.35690710130573844,1.3354586920239198,13.0
2023-07-11,0.1309241789762816,0.5270520418547039,-0.4198870317929648,0.1510724012888921,10.0
2023-07-12,-0.5251971315747953,1.0141339853387996,0.18050826354001687,1.1906711142592663,8.0
2023-07-13,0.22145809162996977,0.716878932463565,-0.13567133189523783,0.8071482056009438,16.0
2023-07-14,-0.1230734678565058,0.7823428079200968,0.08029669365860671,1.21411845191219,23.0
2023-07-15,0.23502126455237157,0.7714919611117147,-0.06268423550865934,0.9778003161063452,21.0
2023-07-16,-0.39600887617690766,0.7600070438919797,0.4231206920149748,1.2051808994379016,6.0
2023-07-17,0.18132864275063246,1.0418580852503274,-0.25606355318542284,0.5324288168181456,20.0
2023-07-18,-0.2736600884802341,1.2978233371163097,-0.3260401136813494,0.6946356830202172,24.0
2023-07-19,0.07663839255670758,0.6939820511032773,0.2263664754199271,1.498640600605135,19.0
2023-07-20,-0.30901736623071197,0.8301349222062622,-0.2873288192261238,0.48799267527228507,26.0
2023-07-21,-0.017336867017458794,0.9862816564865808,-0.03263269171731541,1.028475432284727,26.0
2023-07-22,0.06930810851095993,1.0379303867149605,-0.3311297402655168,0.5928417331516642,14.0
2023-07-23,-0.2991079854146376,0.814178022685721,0.5709291567667614,1.25850348486371,13.0
2023-07-24,0.027299776954546582,0.9565013505174332,0.06403518411580374,1.0253675600028147,21.0
2023-07-25,-0.38087799792110066,0.7504680551866009,0.27797070885791914,1.0985061624632984,34.0
2023-07-26,-0.051357044362324654,0.7249060642156697,0.17976916640308283,1.3797878242854271,37.0
2023-07-27,-0.1359618988301655,0.9691874513288218,-0.4542226607108505,0.2114101080993751,14.0
2023-07-28,-0.6748464229077025,0.8179995596906671,-0.3046576224721926,0.3368842406638133,10.0
2023-07-29,0.3382129934419849,0.9321527792516631,0.5560563664135871,1.66207642705877,16.0
2023-07-30,0.2219210452204987,0.7160924726148381,0.7673754900182255,2.0075568598277544,12.0
2023-07-31,-0.13271987687004422,0.8265340685327729,-0.09454509661593849,0.8575862528514705,10.0
2023-08-01,-0.46961237723897087,0.73083950969605,0.16036735075964825,1.0725481841027498,12.0
2023-08-02,0.12567765093177877,0.700381696817911,-0.12625952584015138,0.8383108211577788,18.0
2023-08-03,0.107160059545672,1.0844187357840667,0.48285463639662013,1.590738711641741,13.0
2023-08-04,-0.20692724968502368,0.8854149796192836,-0.42471227140718165,0.2738425264104315,25.0
2023-08-05,-0.11390889740314764,0.7830330656716405,-0.057478435891034935,0.8130485497878547,18.0
2023-08-06,0.1877668149803669,1.1650403555951068,-0.172373302569943,0.8034836302165242,25.0
2023-08-07,-0.009117761066783631,0.7226643287794086,-0.13025317043788018,0.6806564098585871,24.0
2023-08-08,-0.30955592806139465,0.9882176612041441,0.0013424941141290348,0.9412475712077402,38.0
2023-08-09,0.2143255117256589,1.1059700147767728,0.13969180763107636,1.067401585583835,19.0
2023-08-10,0.3724526086237734,0.8604012567846511,0.08617307652840861,1.0342854967139037,27.0
2023-08-11,-0.03460717980861685,0.7193115897363226,-0.013889578449576046,0.8840179839796451,23.0
2023-08-12,-0.25375661836162583,1.0748933522439,-0.23639774911511116,0.7048916417402645,14.0
2023-08-13,-0.5744998648268522,0.8682949861088509,-0.04578067736071619,0.9309433942349454,13.0
2023-08-14,0.006131175206512578,0.7786623611845469,0.017366120101391536,1.085791242906885,37.0
2023-08-15,-0.14071773263203705,0.7639324376415093,-0.4840500632008725,0.14140114690935726,10.0
2023-08-16,-0.13784244252366534,1.0174444577670334,-0.2736336677299847,0.6779538081379184,45.0
2023-08-17,-0.15756463258615983,0.914428331554765,-0.026937317301510097,0.8051434081012994,30.0
2023-08-18,0.11982689266274558,0.8891111907029552,-0.43705087174778345,0.3331859333091896,17.0
2023-08-19,-0.051398690422115985,1.0194453790073745,-0.44973875137398844,0.10119449898111475,11.0
2023-08-20,0.12808038611203895,0.45443238319321194,0.20422392872509285,1.5068742793352055,6.0
2023-08-21,0.4129914713647325,0.49430037757591305,-0.5192756971403116,0.12274612081051879,6.0
2023-08-22,-0.13501173368192995,0.8487874955995588,0.04955915040165212,0.9842488576455815,19.0
2023-08-23,0.3116518718167575,0.966471033127369,-0.1909699470714328,0.6084779395140811,15.0
2023-08-24,0.05780306454852069,0.8992784987407328,-0.20557297791461518,0.7057959310598984,32.0
2023-08-25,0.3399991295185203,0.8265005281909407,0.12867607127211864,1.5367057816504468,18.0
2023-08-26,-0.2038219764210497,0.9918684664974521,-0.04989766455036552,0.7505533240100947,26.0
2023-08-27,0.4020822055917475,0.7816171799153885,-0.26736313149715146,0.9840657775156822,13.0
2023-08-28,-0.28736480874437864,0.649991145576529,0.20337570097209126,1.1602725774189262,33.0
2023-08-29,-0.11145461380017965,1.0787606559894645,-0.32983458727745074,0.4670148964208405,20.0
2023-08-30,0.03235894758377618,0.7913142871164045,0.13320795281536316,1.3096444251807993,25.0
2023-08-31,-0.008594758197180186,0.9147122461817196,-0.12043498400822544,0.8856314963387315,29.0
2023-09-01,0.10589269268525744,1.235199105941552,-0.32980660199981005,0.5496065508021283,19.0
2023-09-02,0.11931945067829675,0.5343909591929115,0.2682413418806473,1.266851042164605,12.0
2023-09-03,0.13237690410275713,0.7055865805345979,0.2946277752445828,1.3196229072627725,16.0
2023-09-04,0.4294810308676867,1.1045033388396697,0.3812395607708235,1.0446247485116877,27.0
2023-09-05,0.18123403202010804,0.8693724061205832,-0.14427377468173552,0.8359658587336326,21.0
2023-09-06,0.25037808777297266,1.015491648970977,-0.1827243455255865,0.7491973422015529,28.0
2023-09-07,0.32298125961921686,0.90115170622,-0.09646414485616585,0.9629648884362608,15.0
2023-09-08,0.17652173761127385,1.4610664473565602,-0.1919619145361967,0.7410428331838121,21.0
2023-09-09,-0.2912363119635254,0.8400089910409864,-0.11933581198659257,0.7707706528738077,13.0
2023-09-10,0.0793460092798084,1.0480682860950752,-0.007626541654304525,1.0024248523062962,23.0
2023-09-11,0.218631002464265,0.9769463819126705,-0.29438097023748755,0.8012243424408987,29.0
2023-09-12,-0.09973881321511366,0.6845456810496348,0.07659983076727235,1.3040000426241278,35.0
2023-09-13,-0.2692346308888346,0.9898176943051462,-0.10786579307278886,0.8406045206360963,30.0
2023-09-14,0.013810332821785745,0.915684848567826,0.19838091272956648,1.2162762007979315,27.0
2023-09-15,-0.2818642645054044,0.7881297712877874,-0.27856662707702595,0.53397948544252,12.0
2023-09-16,-0.01880521165396326,0.7199632932283047,-0.36996122513999746,0.44188446723553865,18.0
2023-09-17,0.5825896886382808,0.9438647291652917,-0.21976477522832494,0.6974397514162459,19.0
2023-09-18,0.03506992012077818,0.8427851079407501,-0.04677479410241112,0.9431353100523853,30.0
2023-09-19,0.022964463192468025,1.1495514376129736,-0.21937689035744184,0.613614686751265,10.0
2023-09-20,0.023019595813780287,0.8307621269338062,-0.24192994312795546,0.8339699379269745,12.0
2023-09-21,0.2143071890295083,1.1137097811201684,-0.1007821920215526,0.7252840064082333,25.0
2023-09-22,-0.09659893905620025,1.1365015713431674,-0.2851339929254144,0.7763402102889215,23.0
2023-09-23,0.3838521053448249,1.078028526899856,0.7670934163025195,2.0930358806443476,14.0
2023-09-24,-0.18191029458603383,1.081023603251355,0.4946790810464019,1.1731479604157233,9.0
2023-09-25,0.6117037343298629,1.468801796476865,-0.34351927917197944,0.6586299503409996,14.0
2023-09-26,0.17318157719996352,0.9426760596680129,0.05068648216207485,0.7745689514335512,25.0
2023-09-27,-0.13707910541786428,1.0782309311332587,-0.07113196908045225,0.5601196866321976,11.0
2023-09-28,0.21728587653626982,0.9325577380820864,0.11997778998022823,0.9181090370577649,17.0
2023-09-29,-0.10972929159974944,0.8947422356947329,0.1551957098155939,0.9218450610005694,14.0
2023-09-30,0.26344137241071447,1.1513752952517016,0.13185200292215898,1.2477796107789412,13.0
2023-10-01,0.16753047056917236,0.936457711760282,0.3508555828952556,1.1371637587237022,12.0
2023-10-02,-0.10486742846337885,1.114115117388173,-0.25504457653972973,0.696271979932176,19.0
2023-10-03,-0.5351135398228134,1.1894197589095572,0.06433212911700949,1.0086847770359215,12.0
2023-10-04,0.3493170019964274,0.45427970257171646,-0.2261257210946968,0.8592422273972781,7.0
2023-10-05,-0.18930072974530096,1.1237160392941834,0.3032487778029701,1.1909131868937621,17.0
2023-10-06,0.16533267458814332,0.7550805526504796,0.38162180532087825,1.432406748462245,18.0
2023-10-07,-0.032479732068516745,0.8455179826193966,0.3339472833560915,1.285292364743354,17.0
2023-10-08,0.23310489352076794,1.239442607399694,-0.10444793187760841,0.6588027146574887,6.0
2023-10-09,0.6660395817278688,1.0673791126026442,-0.46176192539053984,0.1992054773385373,5.0
2023-10-10,-0.0011891068583664878,0.5539669500730091,0.6059882912171546,2.744551182698756,8.0
2023-10-11,-0.23929986886912802,0.7244759973919607,-0.3481776989328941,0.4124846533482622,13.0
2023-10-12,-0.0060321882456676156,0.8363516347676134,0.13986668721368034,1.3061141706297148,24.0
2023-10-13,-0.09817608617067494,0.6883095142888184,-0.07456271126600665,0.9033585364125901,30.0
2023-10-14,-0.6604213860661682,1.021615418637442,-0.04929406574136075,1.522592785104231,11.0
2023-10-15,-0.0978408022914012,1.0377759362891488,-0.4850906221318715,0.054214401053717026,10.0
2023-10-16,-0.40309933766562117,0.7765895156451348,-0.1648473987940763,0.7308358324925509,9.0
2023-10-17,-0.5027990266376526,0.675034701878385,0.2852864480255004,1.4861354451656668,11.0
2023-10-18,0.16997178879715286,0.8181515110529995,0.27358094344967915,1.3044714612722526,25.0
2023-10-19,-0.021283983565027764,0.8117681433476589,-0.274636284828838,0.49198396706773617,25.0
2023-10-20,0.24738652559179444,0.8970733203291534,-0.05914251048930059,1.0065814705752951,45.0
2023-10-21,-0.3696106943744775,1.1373248894417631,-0.40195137067384495,0.5035050952182606,19.0
2023-10-22,-0.21972836880069313,0.951488398429889,-0.08811774083466312,0.8378831786474451,15.0
2023-10-23,-0.1534255805825373,1.0333751610826056,-0.18980144487061026,0.5840976030387597,12.0
2023-10-24,0.05274441889022247,1.0949396632830732,0.008290117620084953,1.06659046526679,11.0
2023-10-25,-0.10805730351098837,1.0948618504414291,-0.4392254178696878,0.2633074404741794,24.0
2023-10-26,0.039354887009057045,0.8530314592310163,-0.026108041650865266,1.1927269358137735,15.0
2023-10-27,0.2225651330954445,1.1217981083266368,-0.125707211457812,0.563577013373884,16.0
2023-10-28,0.26511055790796445,1.0480408675170545,0.19741580433762987,1.2079424779626737,13.0
2023-10-29,0.5601570054672366,0.7796700275779717,-0.4376371088120784,0.2579808867336664,5.0
2023-10-30,-0.18698844370946202,1.0123124266869075,-0.050142163473597234,0.8648352166242631,21.0
2023-10-31,0.2079320320135412,0.8427557599208879,0.4261889319405553,1.2526208851638254,16.0
2023-11-01,0.36801736172471655,1.1563328714325682,-0.08718025702430444,0.9260239978399134,23.0
2023-11-02,0.47991546981968103,0.7420421585239293,0.3747859886467174,1.318186747373084,20.0
2023-11-03,0.009277840107711063,1.026305548608192,0.49612624690618823,1.5932158734908366,18.0
2023-11-04,0.7687343331905692,0.9740250429930003,1.1653884151626601,2.001371114641274,23.0
2023-11-05,0.684740327980347,0.6714182092346359,0.24336729556567147,1.140726522280233,12.0
2023-11-06,0.10789178428684304,0.6880012566875542,-0.2856480641788197,0.5429550175137398,17.0
2023-11-07,0.13758182566362123,0.8738394308658958,0.07036748018440997,1.2494800535879744,17.0
2023-11-08,0.11739686573645049,0.7778515792162111,-0.33402084525445713,0.5272985660100663,11.0
2023-11-09,-0.48051822002508265,1.3234839848475402,-0.08429923902304516,1.0392144983258096,14.0
2023-11-10,0.22900587304015285,0.6598849304634825,-0.4015338693388216,0.05967701931436273,4.0
2023-11-11,0.06335002734650029,0.7104513465713573,-0.04175913818256408,1.1048740234086365,16.0
2023-11-12,0.9250976422475898,0.8564444075452126,0.01896598462147001,1.1230901440994188,9.0
2023-11-13,-0.30001891094492733,0.836394308485985,-0.4388463066040864,0.26200958464065555,19.0
2023-11-14,-0.14621847727006423,1.0617645520493393,-0.009894955181146603,0.9818392200706731,17.0
2023-11-15,-0.13942441544365056,1.4518550289911005,-0.08784173665194642,0.896806808262772,20.0
2023-11-16,-0.13703587477665227,0.7735694496943817,0.06620962215158228,1.1610267831133034,12.0
2023-11-17,0.06895817953600088,0.9134599752099285,0.31985435609908947,1.2994652867445018,14.0
2023-11-18,0.18202867170705345,1.232678646753101,0.14988386768649636,0.875979823955166,10.0
2023-11-19,0.39585611679921584,1.530304012270909,-0.10144695534738402,0.7419857042616529,11.0
2023-11-20,0.4771871660811505,1.2117391904747208,0.06918698639527945,0.8561784201822581,10.0
2023-11-21,-0.700951133564632,0.9633379162894518,-0.18004112512201684,0.7493125034934897,13.0
2023-11-22,0.18490683656140253,0.35186589399290946,0.1414661974905971,0.9431977959358318,8.0
2023-11-23,-0.3375988258224919,0.546925567937351,0.5400211635392743,1.3841814910543064,13.0
2023-11-24,-0.06381173037683081,0.986570886859847,-0.1732194120573732,0.6971873472475003,25.0
2023-11-25,0.020374513752359286,0.9087216393330649,-0.1753755374854256,0.5688711975102254,28.0
2023-11-26,0.12196600593082524,0.9097669477309558,0.058792705233172454,0.8588315698452449,9.0
2023-11-27,-1.052121652690978,1.5161803822398907,-0.23843935631603405,0.6446562694196559,15.0
2023-11-28,-0.03335779308969165,1.0472936085796123,0.011781752548666567,0.9960507827872934,25.0
2023-11-29,0.07025633634889042,0.8165355282683932,0.08695784668307571,1.0121999588834811,50.0
2023-11-30,-0.09065128984442777,0.9924485248579465,-0.06357304300017612,0.8634781607528755,50.0
2023-12-01,-0.030434842987468545,0.6731105005674352,0.050195648763854905,0.8070387921469114,24.0
2023-12-02,-0.12256142327855701,1.3500244849168797,0.2402341549908026,1.0057881896032297,14.0
2023-12-03,0.03161896979051755,0.9000369726852429,-0.28353206101868683,0.4788912349775894,24.0
2023-12-04,-0.09588759249322093,0.9838492224197951,0.09877553819655427,0.8309767685935684,36.0
2023-12-05,-0.398023029100087,1.0668623911366433,0.4096713857781759,1.600432008142496,52.0
2023-12-06,-0.15822572327951895,1.2139711872956314,0.13691503561104668,0.8969804773138986,32.0
2023-12-07,0.032508711407633346,1.0998651850531347,0.2169560890456429,1.3086420059631094,17.0
2023-12-08,-0.2622404382651924,1.1945580852201152,-0.11356071474847688,0.5636231281959732,18.0
2023-12-09,0.40871579855912515,0.9882996047986644,-0.05352249588825442,0.8021431796568326,12.0
2023-12-10,0.3609334050670898,0.8612134184724113,-0.3831637288297005,0.28091129903105844,19.0
2023-12-11,-0.15644393882818716,1.0872011464306996,0.34069002127364545,1.7935059015530745,12.0
2023-12-12,-0.47336202639765423,0.9663763400378718,0.637926853255831,1.5828515286901104,19.0
2023-12-13,-0.07923959346917112,1.5919741254846633,0.3165529174649061,0.9436279197061453,11.0
2023-12-14,-0.01188809093492127,1.449323886886292,-0.01970722941658143,1.2971439527224515,10.0
2023-12-15,-0.22477152807940434,1.2518994394186316,-0.4648359152847653,0.13215346282538126,7.0
2023-12-16,-0.7762198658636117,0.6769381571741258,0.088549793671463,0.7608599166478632,9.0
2023-12-17,0.5090875796536547,1.3786481738925949,0.2652223292042162,1.293279510175696,18.0
2023-12-18,-0.1103123806126552,0.9848831194595352,-0.12427368108427114,0.7043399279017415,7.0
2023-12-19,0.10406126696370584,0.8102951520939904,-0.02779261352280536,0.8351687624060155,8.0
2023-12-20,-0.19618881533176888,0.7280096937258813,-0.44330381329137464,0.2722221476896309,21.0
2023-12-21,-0.07821000125388262,0.8009368186433612,-0.15477900420325233,0.6158694287500258,20.0
2023-12-22,-0.5012234802314125,1.0018151016350918,-0.008173097859953016,1.5041154703967705,12.0
2023-12-23,-0.11800883733243805,1.1919421764454459,-0.03820654735418581,0.8052586978986442,20.0
2023-12-24,-0.10007077869313943,0.7381068089424031,0.5185987466066916,1.1527238173825114,27.0
2023-12-25,0.05029891126715468,1.3179703865843633,0.19834818734235712,1.2462234958716387,11.0
2023-12-26,-0.11761941346462297,0.9179357757179178,-0.28088150340006446,0.542023532681455,13.0
2023-12-27,0.0074878958588772545,1.1066405330483406,-0.2189773004337546,0.6744324720306961,11.0
2023-12-28,0.1595409671653476,1.1342483973719988,-0.4116465044006219,0.08913958851806605,12.0
2023-12-29,0.34952284990011484,1.0884348653420435,-0.11652570324417942,0.6225491640774148,15.0
2023-12-30,0.2375978735758826,1.2751901611954277,0.10265269080408933,0.9917219970875688,11.0
2023-12-31,-0.21588020690795276,0.8466512870231084,0.1843051256455045,1.0021853128875973,10.0
2024-01-01,-0.510458264111076,0.7814795470614668,-0.07092637335090868,1.3611236830124687,12.0
2024-01-02,0.24773504537828234,0.8261435131039482,0.05901393439968406,0.9669300711480862,28.0
2024-01-03,0.08725122220871684,0.8549487545020046,-0.20641348473919907,0.6232582730473889,21.0
2024-01-04,0.13659780848085287,1.1876636741588065,0.08465210254982392,0.9633534973841894,31.0
2024-01-05,0.09790571052690902,0.8905294568128871,-0.1273343535737439,0.700489905829171,32.0
2024-01-06,0.08388332106924355,0.5780370524987213,0.07686149093750097,1.2733123866134537,21.0
2024-01-07,-0.004947300241409057,0.8721003645512517,0.5466945803864727,1.6862700394428325,12.0
2024-01-08,-0.23812151073990578,1.0162600237289474,-0.0699197412273927,0.8819022959179366,16.0
2024-01-09,-0.01848375734487989,1.4677345083486522,0.027628868921419882,1.1831111824894003,24.0
2024-01-10,-0.050003376338561695,0.7825514800811237,0.11001439396355908,1.2581937778253707,22.0
2024-01-11,-0.6498779584692543,0.8415599918517181,0.5164480738207398,1.241604230067475,4.0
2024-01-12,-0.2310235317788284,0.9463012493255214,0.05649671344665568,0.9569416183832402,27.0
2024-01-13,-0.12997529209750774,0.9499830649920561,0.05267346396325235,0.9741789279796697,38.0
2024-01-14,-0.439505799407391,1.2525717206760891,-0.28662476614091675,0.24958924686051315,8.0
2024-01-15,0.42992279680873663,1.181682711364129,0.11924464336976813,1.1052910455456657,21.0
2024-01-16,0.22183428643158948,1.2361485353217283,-0.26524450395315785,0.6572157377681304,42.0
2024-01-17,-0.09565079511940094,1.0213262386673434,0.15899658487058033,1.1639212902156157,51.0
2024-01-18,-0.08619736271834691,0.8753117016483467,0.1921836240395646,1.1604638514795502,28.0
2024-01-19,-0.4346080691857842,1.2467033150293316,0.5271287934085869,1.7236579664432017,18.0
2024-01-20,0.13645863581693102,1.8665632067517102,1.2627443248496975,1.8350262316705181,7.0
2024-01-21,0.17654863711088514,1.0392369073716705,-0.3590433081925691,0.16996003604588492,8.0
2024-01-22,-0.1474958144179603,0.7457818693550856,0.4627368768408064,1.5309332923615817,7.0
2024-01-23,-0.3204776747715742,0.9518619485065885,-0.0757709641699038,1.095273066023029,16.0
2024-01-24,-0.08361891265774832,0.9188233531051099,0.40670444074955536,1.3123747790690905,9.0
2024-01-25,-0.08302416372640556,1.3767859270871918,-0.18750909110501585,0.6762522454299148,10.0
2024-01-26,-0.30426076134515906,0.9388508999798363,-0.04611293069901442,0.8892396719417464,20.0
2024-01-27,-0.34856237743604124,0.44963824452196993,0.781232629769138,1.2006996147285858,9.0
2024-01-28,0.16804855248480288,1.1386822372993735,-0.19645291115339525,0.648330346282592,6.0
2024-01-29,0.38153261897763463,1.2174438772811877,-0.23351062612568194,0.5906870806344341,11.0
2024-01-30,0.2038465624861586,0.9971545255679719,0.3363690633957606,0.9947911723386442,12.0
2024-01-31,0.06209204362890212,1.1820989615657813,-0.25133027959067483,0.539168384965887,18.0
2024-02-01,-0.13510128214522196,0.8490108218967168,0.1136035049886048,1.0382769226417978,29.0
2024-02-02,0.41626246664728916,1.5046771726277952,-0.23911023089233696,0.47492873206855163,16.0
2024-02-03,0.8699787798225008,1.3812974502996982,-0.3163355167026828,0.3921247002073667,6.0
2024-02-04,-0.1269457111922772,0.7095657575888382,-0.06336918422599333,0.8525381892651884,5.0
2024-02-05,0.2096440901701568,1.3799777614921755,0.09986516510527403,0.996180883886388,7.0
2024-02-06,-0.348856248935403,1.1122053510618657,0.21167652695823297,1.135699384125813,7.0
2024-02-07,-0.22366280027073082,1.1596310101106067,0.0510293898725376,1.0080744689751335,19.0
2024-02-08,-0.8141925756903586,1.2081987482786098,-0.12184447781047163,0.8331921347230419,12.0
2024-02-09,-0.05608807673913061,0.8722137436641902,0.3845917804678713,1.348520135719527,19.0
2024-02-10,-0.030600081098783285,0.8262601569231117,-0.17828118749490193,0.6297328386017055,11.0
2024-02-11,-0.008168938923528955,0.9932220220540887,-0.14279624326472562,0.6708942883224239,11.0
2024-02-12,-0.020330070996511296,0.8591702894438272,-0.20126055424475042,0.564609267701706,7.0
2024-02-13,0.23655292034974876,0.9843802337510298,0.1462158075237237,0.8830142850940607,9.0
2024-02-14,-0.27282116905723897,0.44797639790648486,0.2111586838762445,1.2989968776809941,11.0
2024-02-15,0.1906365637103822,0.6505442336329514,0.22686541744455876,1.2699759591921613,15.0
2024-02-16,0.5377595387466488,0.7645629035684105,-0.24087661353543632,0.7516637320703081,10.0
2024-02-17,-0.08310743763425875,1.3040775021988134,0.40615142990555214,2.387843848416836,7.0
2024-02-18,0.21276154822563714,1.4518908411756668,0.6896365169897002,0.8677112231085886,8.0
2024-02-19,-0.08849119816839737,1.438359283298403,0.5604080256539963,2.290487402226332,7.0
2024-02-20,-0.3149891267651492,0.8399250135382144,0.08619975486287398,0.699517032302513,10.0
2024-02-21,0.1629003449993562,0.8628729195894584,-0.24022232241984234,0.6298497574266244,12.0
2024-02-22,-8.574384861905759e-05,1.1410311937225972,-0.37058276420310765,0.43176234506165656,10.0
2024-02-23,-0.039929185417444536,0.8576054185375118,-0.07595921476533683,0.9309599783672025,19.0
2024-02-24,0.22883934342606427,0.7255048033840096,0.33128741170288073,1.3607128236688328,9.0
2024-02-25,0.16567940292564212,1.2515430450767924,0.22981462030906533,1.439816313051622,16.0
2024-02-26,-0.0942981364269766,0.8247396240987177,1.1722923281431146,2.4781665087420026,7.0
2024-02-27,-0.2303068223799183,0.966875495812835,1.0655735019146804,1.9922593886248752,28.0
2024-02-28,0.8538821563731227,1.4361614789590522,0.23059904565268868,1.0015874750101872,17.0
2024-02-29,0.2049234944745682,0.9032531139771636,-0.11969785902472377,0.7447653900768925,13.0
2024-03-01,0.6031056039017013,0.9159417718479222,0.031091367731925636,0.9173562546307263,14.0
2024-03-02,0.09526445711087718,0.565774146749548,-0.3518057218008237,0.46364113812020513,11.0
2024-03-03,0.5879739730326228,0.9070182299602055,-0.18073080752517967,0.45524634563185085,15.0
2024-03-04,0.6664830732314908,1.5010740473883117,-0.0030819442862091615,0.9144662461285366,13.0
2024-03-05,-0.2667402748825253,0.7644113874992731,0.19038720960649239,1.3029510462427223,11.0
2024-03-06,-0.06703425958239687,0.990852131659877,-0.44442388110181796,0.17695609318452657,12.0
2024-03-07,0.26336870841187887,0.968963941747629,0.02367410373496943,0.8845689598733196,10.0
2024-03-08,0.6360771570379494,1.1751535224128054,-0.11195498749399538,0.8194439165402638,20.0
2024-03-09,0.9327955750878444,0.6187430696329447,0.6223081255531913,0.9223143180242159,7.0
2024-03-10,0.018995045660841883,1.615524031038264,0.29221406684958845,1.3612438580100346,15.0
2024-03-11,0.07217699815105764,0.9469904966683924,0.563447977092339,1.3517580123473107,8.0
2024-03-12,0.28632804303789955,1.0896481216888882,0.2900251213107105,1.1349082310676646,28.0
2024-03-13,-0.10802200807906584,1.5109151120728976,-0.47153801824085206,0.38945470264578647,20.0
2024-03-14,0.21630801109085324,0.8552856712174011,-0.1582439962800964,0.6178864604396141,14.0
2024-03-15,0.0014416563745912464,0.6423287743387452,-0.21614124366996387,0.5008050175582262,16.0
2024-03-16,0.0596737329323122,1.438431910014885,0.17136904098716185,0.9388314249069011,11.0
2024-03-17,0.2517578982878613,1.289965378121578,-0.06704633763937522,0.7951450324119461,13.0
2024-03-18,-0.1500021126215031,0.719890002845641,-0.058924355768970586,1.2417834018498086,21.0
2024-03-19,0.3004706411922311,0.8895396050418154,0.3671201980698092,1.1422397925051815,21.0
2024-03-20,0.4297837231212602,0.760461644957434,-0.1475706442094448,0.7130125308094573,18.0
2024-03-21,-0.14312989215132724,1.1151709537359797,0.07895418310093845,0.8550485930724557,15.0
2024-03-22,0.33944332298702523,1.287914198434907,0.16189570181323773,1.30317878242343,19.0
2024-03-23,0.03886241520278311,0.9238552597731481,-0.19732083062015784,0.5690720005397047,16.0
2024-03-24,-0.13711840218261737,0.8198382643000159,-0.23995436196255984,0.670034685072698,15.0
2024-03-25,0.40504451688683824,1.3017152480726935,0.17538100546140525,1.3512703769356735,12.0
2024-03-26,0.6267045086584989,0.9710162216267078,0.05877531863724054,0.928728887671633,14.0
2024-03-27,0.8339170659934113,1.322076036183894,0.09659402148697453,0.7620256547044922,11.0
2024-03-28,0.10113635054367866,0.7372266623426087,0.8957350055646328,1.1253475808406794,6.0
2024-03-29,0.8652672791486712,0.4004979904848557,0.45204564659933927,0.7084617669663696,3.0
2024-03-30,0.5382266283331926,0.8952635536385916,-0.38763087548615904,0.4472360359186709,12.0
2024-03-31,0.48544285609259136,0.9916819910246409,0.3065363046478885,1.1572531605036784,4.0
2024-04-01,0.036721570522631836,1.1630255985609947,0.3214060777319989,1.48442382379312,11.0
2024-04-02,-0.040855463021339467,1.3148078518237067,0.1453419919593797,1.0293199424993447,16.0
2024-04-03,0.02173423720730947,0.5660010838047912,-0.30464097215148334,0.5308143232058204,17.0
2024-04-04,0.4489095206258491,0.9070300329851485,0.16575124935983473,1.137977301688023,30.0
2024-04-05,0.4936164214842501,1.0485837276733188,-0.11871832742909733,0.8585816732713981,26.0
2024-04-06,0.6253506828400287,0.7574373750874048,0.1086050007143627,1.0361263665569773,15.0
2024-04-07,-0.314286692124605,0.8226302008074166,0.08640259374811284,1.0447417526486278,4.0
2024-04-08,0.02759519074052801,1.0174222911536108,0.5522618348817134,1.3024944684028237,17.0
2024-04-09,0.1913160363418729,1.2627133432101805,-0.09336942149081293,0.7397267258293586,26.0
2024-04-10,0.16040990225222415,1.167025897219168,-0.2821059041319583,0.7617275004709807,15.0
2024-04-11,0.1288692243028649,0.7384704248447124,-0.11244458780493499,1.0094284924591295,15.0
2024-04-12,0.03153291101918588,0.6166497912971163,-0.16898331482581808,0.5673501646439344,13.0
2024-04-13,0.2356578497888017,1.1897981132159843,0.2193618005458698,1.054866089518403,15.0
2024-04-14,-0.34791814263684256,0.7729345161098603,-0.4303543833305646,0.09270309309394145,9.0
2024-04-15,0.013808872829952456,0.9866824118816327,-0.15280202671543533,0.7326516516495383,26.0
2024-04-16,-0.6364589681265042,1.0122041802973984,-0.026038728932436372,0.9785954205280439,19.0
2024-04-17,0.15068881276493934,0.8667040455867889,0.025285836474243283,0.9705119953439741,23.0
2024-04-18,0.43188508811133003,1.108288770918837,-0.11455769563745145,0.917845892756025,26.0
2024-04-19,-0.013368488467827991,1.3398120792493204,-0.3433976203539013,0.463760430877718,24.0
2024-04-20,-0.46006234486538916,0.7434494015627008,-0.1606273699826929,0.7086867663137738,23.0
2024-04-21,0.12273108265180904,0.9309765917860432,-0.1705648817604202,0.7542662313214629,31.0
2024-04-22,0.114026458342117,1.0903275991351378,-0.026431042702829213,0.8887601281958495,21.0
2024-04-23,-0.3274820080739513,0.9920785033598041,0.11134206687994483,1.108886783233845,40.0
2024-04-24,-0.09318045994231493,1.041929267048184,0.03325109193842419,0.8883847766487764,17.0
2024-04-25,0.1840885247901647,1.3209443919565977,-0.05494714779463232,1.039691677395659,10.0
2024-04-26,-0.15408860900816046,1.0061600019334869,0.19568406928666576,1.0479543244324665,19.0
2024-04-27,0.6695138768405894,1.7597742564117875,0.319639789328841,1.9900937564134655,6.0
2024-04-28,0.21183318592919015,1.0024686117295123,0.13720125274062847,1.2557987917294369,4.0
2024-04-29,0.2965339787407968,0.7906457267780774,-0.14268624419228793,0.8342555654682173,17.0
2024-04-30,-0.45169728861502295,1.2654903063536898,0.23917273827280316,1.0968051020006047,19.0
2024-05-01,0.1324063865165731,0.30520967461928905,0.14721424148035528,0.9017664101300418,9.0
2024-05-02,-0.18505798403632018,0.8454468724210902,-0.13126053978884816,0.8374646782748387,40.0
2024-05-03,0.31732002708129886,0.8764170782204177,-0.030873065641117033,0.965578915449021,21.0
2024-05-04,-0.38535340114741956,0.5690384924936519,0.38855101713086343,0.9404502345400055,6.0
2024-05-05,0.4850219234692581,1.1541909019286634,0.2824397331527099,1.164094020963036,5.0
2024-05-06,0.5777944746558864,0.8347297809109506,1.425958675155175,3.103735786347758,3.0
2024-05-07,0.4716126133059272,2.231905465393279,-0.1531819004439758,0.6399409488742487,4.0
2024-05-08,0.06695625968594761,0.8522622118184201,0.32322184481373756,1.3857555604709098,24.0
2024-05-09,0.23923175529218002,0.9577542300661378,-0.46258975379058825,0.09477613859899317,6.0
2024-05-10,0.7612275285591521,0.8873791830249186,-0.13965882135742233,0.7071950758456413,7.0
2024-05-11,0.4741363594880256,0.8361424667140647,0.43526891610825347,1.6559201805327224,6.0
2024-05-12,-0.7021296503011062,1.3536960760212857,0.13007638230909255,0.8281774908495817,14.0
2024-05-13,-0.3957763577623885,0.9329358077053586,0.25424064976135263,1.2690380476044103,22.0
2024-05-14,-0.09814530967149607,0.9454261171153568,-0.3870923000255414,0.27249802448827437,13.0
2024-05-15,-0.051674470414312314,1.051621054135428,-0.17971954464983367,0.7708268118219866,12.0
2024-05-16,-0.21798722339118756,0.5997617083860233,0.031538616524468634,1.3070638874687868,29.0
2024-05-17,0.17049928449972526,1.0805769473295073,0.27842353568194805,1.57394898988234,16.0
2024-05-18,-0.23008070281638401,0.821823064873542,-0.08540911208741815,0.7599572762613283,34.0
2024-05-19,-0.6121252907074404,0.9875084102492027,-0.3302684880698745,0.41345313171210657,22.0
2024-05-20,-0.3901934206073518,1.1924148372594245,-0.38089247014464517,0.14435762258673887,14.0
2024-05-21,-0.07674339299326785,1.0883081250017388,-0.29353880398064836,0.5228197099517083,36.0
2024-05-22,-0.2137116772586708,1.0715189454510963,-0.29470226009460654,0.42973455502653873,27.0
2024-05-23,-0.4168251308931546,1.0573621105349869,0.14191982802226488,1.163766952761379,38.0
2024-05-24,-0.25771777036758076,0.7747309620763092,0.041636928316284134,1.4107153089791338,31.0
2024-05-25,0.4122135715264906,0.9729306690023424,0.30640665802957495,1.139418210131211,14.0
2024-05-26,0.04589521644976121,0.6626822642912698,0.7495336608993676,1.6267540090669128,13.0
2024-05-27,0.009221940809395628,0.6835509092724933,-0.2159030857058291,0.823248362497039,7.0
2024-05-28,-0.21409900148421832,1.2807421718376075,-0.07589216300725196,0.8179131503556147,9.0
2024-05-29,0.3603061465935243,1.2427193302342057,-0.5469669850723473,0.12316354918670215,8.0
2024-05-30,-0.3397984792093975,1.1689788975642457,-0.13087351264367744,0.8895466362570009,28.0
2024-05-31,-0.10579941232716937,1.0748382915366683,0.2115240177960069,1.127649212977985,21.0
2024-06-01,0.04210474022955378,1.1715686011953996,0.06495491817191348,0.9641528072554648,23.0
2024-06-02,-0.1216744720420389,1.0357188304420049,-0.06946008190649519,0.5761200075422468,11.0
2024-06-03,-0.18693168298527857,1.0192368345800868,-0.17103104035046857,0.7623331315562537,37.0
2024-06-04,-0.12269429740994532,0.9606920046525791,0.19773741947701534,1.3143629552229372,36.0
2024-06-05,0.16330130350479252,0.7326327067318656,0.13702001758690374,1.4361518084769174,15.0
2024-06-06,-0.5456704403564508,1.0389382260587035,0.06779433513429116,1.1161931247602528,29.0
2024-06-07,0.056788068750643364,1.0218031660068072,0.19685405879976833,1.1417092531266726,28.0
2024-06-08,0.09324602286180511,1.2970562175142915,-0.35399978209913174,0.6285632724910267,22.0
2024-06-09,-0.3930334712323527,0.7997268074897143,-0.39375759076995775,0.5043828342757758,19.0
2024-06-10,-0.02334040162020212,1.4943064519190787,-0.12622515134086537,0.8318761249593194,27.0
2024-06-11,0.01407985413366939,0.7639712810855158,0.12259629926904779,1.018407783532537,11.0
2024-06-12,-0.10681054408340969,0.9673106329201401,0.27766078523976195,1.0497187721815397,19.0
2024-06-13,-0.5787255995608839,1.1463035268846926,-0.1269359025748283,0.6034699787061677,15.0
2024-06-14,0.2585307847380093,0.824525720963502,0.6040991286616081,1.3486879133205767,10.0
2024-06-16,-0.3078807111590773,0.7605138799754153,-0.3049362686197728,0.350565452984012,6.0
2024-06-17,0.19336700153173694,0.9866258231586952,0.09470950431770424,0.9947035142036067,19.0
2024-06-18,0.5423073833968862,1.1501387127803275,0.03326003294870037,0.7798061670321844,10.0
2024-06-19,0.537129013087459,0.717041716712902,-0.1042820184308785,0.6432456914351863,10.0
2024-06-20,-0.39414825191670033,0.9293676431325263,0.08960539067657441,1.042136792480435,4.0
2024-06-21,0.11478027822623371,1.2115613255752091,-0.35991321190698944,0.677942157592224,37.0
2024-06-22,0.2666282893051164,1.0082467292942494,0.06592835869183443,1.0112674162826876,24.0
2024-06-23,-0.04613701914327,0.49404097621772225,-0.38161177454995243,0.4594525330974405,14.0
2024-06-24,-0.31105570226523793,0.977402903909437,0.1331486629568119,0.9769255101750983,23.0
2024-06-25,-0.14522249885824456,0.4887692658497202,-0.2633841111480532,0.5149954656899347,9.0
2024-06-26,0.032487106415683,1.0172935547242765,0.28980501575659784,1.3020802175195454,14.0
2024-06-27,-0.3498849218460979,0.9392138281380219,-0.004090934822772482,1.0619042862401977,37.0
2024-06-28,-0.04742800947531804,0.9724098876302328,0.1879692351014397,0.9311950781538046,16.0
2024-06-29,-0.5434890028811242,0.8815712349126622,0.2616259910246153,0.7218143481666296,7.0
2024-06-30,-0.06925023148820637,1.1479513568868305,-0.5231118617569592,0.12421503120075156,9.0
2024-07-01,-0.04911153207969666,1.1266551344115543,0.14247293031241318,0.9526238837747599,13.0
2024-07-02,-0.3419380303030878,1.4185806250694073,-0.17032983306594332,0.6351009432611429,14.0
2024-07-03,-0.09157168039855083,0.4253499885340632,0.5674083986351625,1.465728287193369,12.0
2024-07-04,-0.018202490086458144,0.9723362646283842,0.9217171636694611,2.087366623544715,12.0
2024-07-05,0.09205001779070669,0.8954715447482392,0.15217729227110607,1.3476844194728212,20.0
2024-07-06,-0.7220996000462024,1.1220552737395268,0.025756032495377834,0.7495062888139196,13.0
2024-07-07,0.6744081401470813,1.6823873775986022,-0.29029771451320513,0.5801847452024388,12.0
2024-07-08,0.3912401704417951,1.0900160192032622,-0.0735186633136181,1.013688857734246,24.0
2024-07-09,-0.008173487114306351,1.2970903886192982,-0.16872370505931697,0.5650653461685353,27.0
2024-07-10,0.08488089490765026,0.7350478355397165,-0.017571706266079203,0.9839161913285439,24.0
2024-07-11,0.17273667671446677,0.8071291713355235,0.048176658152998944,1.113015034536108,27.0
2024-07-12,-0.44541114876085847,0.8585656465635297,0.3021209196607208,1.3039285034769141,21.0
2024-07-13,-0.13810377852062924,0.876462612964485,0.034544635585176446,1.0990618681963726,28.0
2024-07-14,0.3119509879869167,0.9624060632038162,-0.040464556662770025,0.7071995407622299,20.0
2024-07-15,-0.020126287185239945,0.8845540290408238,0.35322302777780545,1.2925608471310908,27.0
2024-07-16,-0.7878613162449584,0.6986390049323423,0.024379288144196,1.081745686725176,18.0
2024-07-17,0.1441566611002195,0.8934084174443342,0.3116816014280297,1.58244345150164,16.0
2024-07-18,0.4095491278635174,0.8540984499271127,0.46522530032780235,1.453510719776131,18.0
2024-07-19,0.4050029829385196,0.6928483999908301,0.22981600456968804,1.0997533559964863,26.0
2024-07-20,-0.056417958024022885,1.0453985638626926,0.14750692045635502,0.8507521763668965,17.0
2024-07-21,-0.2871238550148737,1.2562580623790287,-0.11161133693083743,0.6436842062843532,15.0
2024-07-22,-0.3609537715197148,1.319263272198956,-0.2206546527886216,0.643111271175396,33.0
2024-07-23,-0.10230978728859921,0.7367560887974104,0.030959458903595954,1.1495636612791076,21.0
2024-07-24,-0.27007058665686035,1.0945892043081882,0.2448953266072286,1.0565614027545245,32.0
2024-07-25,-0.048326861291689865,0.9349811559736978,0.1651543994873196,1.0350535468075528,13.0
2024-07-26,0.06785873800640108,1.0389055607350763,-0.13638726487135636,1.0722615141629992,15.0
2024-07-27,-0.11825443017185266,0.05465630075136312,-0.4817068184765612,0.16365675590919498,2.0
2024-07-28,0.14022932763182952,0.9969918280910365,0.1691541313833233,1.0056849795951948,9.0
2024-07-29,-0.29435712248482304,1.4044294756588769,0.03205761561558026,1.1931445678943484,9.0
2024-07-30,-0.17521356245128797,0.9230121575567931,-0.1731973761807772,0.7042829504687893,28.0
2024-07-31,-0.042283339339954006,1.157884434337928,0.1600144454143717,1.0297530833596955,31.0
2024-08-01,0.493321307064644,0.8857255369447792,-0.011118498415625278,0.7357193635001268,10.0
2024-08-02,0.08435955968817363,0.945199294086624,-0.07200463557102041,0.9069053327948438,33.0
2024-08-03,-0.48091407580118034,1.399706158012682,0.09151165551214384,1.1810072258286464,16.0
2024-08-04,0.09406348083678656,1.615381367874986,0.06587927277682204,0.8774951747098388,15.0
2024-08-05,0.10573603111623672,0.7588691409302581,0.11330837157230882,0.8360198031824084,9.0
2024-08-06,-0.2004931994194805,0.9354665583352291,0.9355374050628753,2.1684441312799407,11.0
2024-08-07,0.037412533698419875,0.8006835237362404,-0.18129788466218782,0.6746312410876926,29.0
2024-08-08,0.028614111270323334,0.8872888205478586,0.5928594720510183,1.5930894394470245,27.0
2024-08-09,0.3703873570007807,1.1690741891914747,-0.08517605920945322,0.8957886960256612,21.0
2024-08-10,-0.015424581400041718,0.8585115686953837,0.4759146048422211,1.1802471651391782,15.0
2024-08-11,-0.39352884656668946,0.9015884023512261,-0.15083654663290744,0.5838218491252223,8.0
2024-08-12,0.45606299477988155,1.5047596158801022,-0.08109034348485487,0.633692662977619,13.0
2024-08-13,-0.17748791604348638,0.9364640911199809,0.3693985703587648,1.3691027511858613,34.0
2024-08-14,0.025932333395746444,1.1722533674136277,-0.01711656141134698,1.1291381262366595,29.0
2024-08-15,-0.2883394648316512,0.7794552623624601,-0.12055714236153937,0.6333764803621493,15.0
2024-08-16,0.13960592620545212,1.0511101509332998,-0.43134286242364567,0.361845647591056,14.0
2024-08-17,0.05774186706297112,0.9446106928967993,0.29839050956094554,1.1301886141714947,28.0
2024-08-18,0.22877385625331986,1.0126447241926488,0.301246258832193,0.917157358989564,19.0
2024-08-19,-0.37717386503365674,0.8986290872407402,-0.00901334505461178,0.9411756762426611,21.0
2024-08-20,0.21203469574815673,1.2378451913525514,0.05635765046384794,1.1885969150049247,8.0
2024-08-21,0.20494857115946297,1.1313401030640402,-0.19609766480781068,0.7766689127767662,17.0
2024-08-22,-0.7118774491992004,1.2767385458707454,0.28405219191239434,1.1347790456095816,30.0
2024-08-23,0.347375348053314,0.8556568706587352,-0.03408432865506519,0.8151846921085718,15.0
2024-08-24,0.6673794839458747,1.0805984660168142,-0.2034473234980974,0.6494676658924639,8.0
2024-08-25,0.6665073011342616,1.3703511489974907,0.21458859228283297,0.8123691828218057,11.0
2024-08-26,-0.008615124250294707,0.9155466837356897,-0.15782721098624475,0.6561098412090445,13.0
2024-08-27,0.21205842397603722,0.8970167668615244,-0.021463588225837892,0.7184113680412578,11.0
2024-08-28,-0.13866424169566477,1.4513856420927709,0.45022919439586095,1.1232138062851618,16.0
2024-08-29,0.21963418189347927,1.1310287539068886,-0.08685953670555102,0.7285292680546778,25.0
2024-08-30,-0.4005294875805781,1.245180277229041,0.0817579656512531,0.9035662385052312,30.0
2024-08-31,-0.18207791973638798,1.0110094676571062,-0.13210378469633707,0.9013657659945815,16.0
2024-09-01,-0.4863854240720831,0.47966332851991,-0.09643604909850516,0.86199936224906,6.0
2024-09-02,0.1741389446027424,1.0547612476982244,-0.10546480252895257,0.6463506676477425,27.0
2024-09-03,-0.5308926605032485,1.2963029858770103,-0.14950316111905598,0.4745177999810585,17.0
2024-09-04,0.0013902410528724453,0.6707473154377742,-0.23705463896454695,0.40394737961425703,12.0
2024-09-05,0.3756509205199754,1.1085897735049353,0.010018585973593681,0.631573029991949,18.0
2024-09-06,-0.17232711155283584,0.8975423419815491,-0.08673757717114139,0.9015635243303596,24.0
2024-09-07,0.5590177495185366,1.6665811903936312,-0.06483637088823488,0.9807917293534825,7.0
2024-09-08,0.4334717631761958,0.9508675877968502,0.34189203843996524,1.4970569998681138,24.0
2024-09-09,-0.3862235777141772,0.8392688819948195,0.032411720378774794,0.8742721728671728,9.0
2024-09-10,0.053010459731661165,0.9710162961729187,-0.09877156085997325,1.0267553997253835,11.0
2024-09-11,0.22888067874706794,0.9081872818064285,0.3352331066608751,1.390960765958568,15.0
2024-09-12,-0.1654507438055313,0.7353750436916675,0.10236419851184904,0.994876395175942,31.0
2024-09-13,-0.5391928766353281,0.7760547707109932,0.2313080655815825,1.3509957979445726,35.0
2024-09-14,-0.4255297524730891,0.7248894963126357,-0.24995195982861804,0.7259125999435365,20.0
2024-09-15,0.20544833929708817,0.9971326064604147,0.3973348851033677,1.4743364806276666,16.0
2024-09-16,0.3229777911597729,1.2485997043725425,0.42009867810355445,1.6103371434670044,26.0
2024-09-17,-0.16269819822619364,1.5777557365611867,0.2767371447607555,1.58605304244712,24.0
2024-09-18,-0.026246689067242795,1.2001116039155015,0.1908645761007757,1.1397964751987977,25.0
2024-09-19,0.33215396504909306,1.1515323901872274,-0.23460827217175562,0.5925441893030611,31.0
2024-09-20,0.3698704673164142,0.85112189030589,-0.2130267592576439,0.8676277268646755,31.0
2024-09-21,0.20019193659060538,0.929295981287398,-0.051066397752304225,1.0164422717193897,20.0
2024-09-22,-0.2332068950572883,1.1500410307348825,-0.12201231312507214,0.8104649104329996,20.0
2024-09-23,0.2230516261817128,1.327748605693414,-0.17832482718988726,1.0399405931305097,28.0
2024-09-24,0.24785971136891952,0.9375094695443207,-0.28586263111796184,0.5678727405662104,21.0
2024-09-25,-0.09016822451930141,0.9780768950549343,-0.07061840706767744,1.0933919772774205,41.0
2024-09-26,-0.2573463371812366,0.781243406449616,0.06811526179595559,1.0228807469438677,25.0
2024-09-27,-0.0742013479633732,0.7758247939177911,-0.011648860746927373,1.0902659420637233,29.0
2024-09-28,-0.22943555445310504,0.4842599954501158,-0.32928515139341485,0.42299685780291046,11.0
2024-09-29,0.3058800719438441,1.053273797161231,-0.14169062391273157,0.5615258003560892,13.0
2024-09-30,-0.09886467587138778,1.0959766141038734,-0.03814276927020189,0.8137736751607433,25.0
2024-10-01,-0.32463093725690445,0.7025266955183574,0.6753614343278803,1.3212861397179618,36.0
2024-10-02,0.19869257852415206,0.7566290850405705,0.6492494040734185,1.6659410555853302,23.0
2024-10-03,0.39450487516103916,1.0770453322290041,-0.1658458701838388,0.7777877708264727,13.0
2024-10-04,-0.0796796801629154,0.7322446005224597,0.5485160578363013,1.3704815400581871,17.0
2024-10-05,0.4683050585857394,1.2430571599586953,-0.22985669669558922,0.5563939793522432,16.0
2024-10-06,0.496766926395368,1.2653570921033015,0.021105442968664033,0.8211894531929221,27.0
2024-10-07,0.23741524292499513,1.1428092395411138,0.023133576041582924,0.9670827364746222,29.0
2024-10-08,-0.017772237046458104,1.0281658161278155,0.013569591695247277,0.9294733654320635,18.0
2024-10-09,0.38312735160566536,1.4165923309136388,-0.2972931039253602,0.38580064402954206,10.0
2024-10-10,-0.2905844317579793,0.5580142320900344,0.10761838777497187,1.1093439372661198,16.0
2024-10-11,0.21982250288602,0.7321841004741766,0.3166191756140138,1.141553075609403,18.0
2024-10-12,0.0531109367352539,0.5638191633497968,0.8384465958877547,1.6552736352297581,9.0
2024-10-13,-0.7813888840054701,0.912327931381424,0.7848156851617966,1.3365127075520595,11.0
2024-10-14,0.4513773498563266,1.3121888518322904,-0.4874851052626254,0.1120397448348854,10.0
2024-10-15,-0.014354464520289935,0.9998551266468217,0.10793982018117765,1.159168609651751,23.0
2024-10-16,0.24979369005886223,1.112849815303266,-0.31313531043403875,0.6801342330240833,25.0
2024-10-17,0.33534561035183863,0.843873331995039,-0.23572459883630445,0.5523987327054821,16.0
2024-10-18,0.17904680018441888,1.1364430220509507,-0.09986608609418346,0.8315846891219456,23.0
2024-10-19,-0.21216326224005236,1.3052075357186101,-0.23390598269022694,0.4844751813527397,8.0
2024-10-20,0.6029175720980099,1.291271533976092,-0.18635351897002972,0.6329967327630559,11.0
2024-10-21,0.11030905290327604,0.8378383659967674,-0.1017737760932202,0.71207994675379,19.0
2024-10-22,-0.5987295989022129,0.9379843630533087,0.37239754492475874,1.4504795834329798,13.0
2024-10-23,0.07899114220255654,0.5940430118562078,0.11191020213565003,0.9759819865748015,17.0
2024-10-24,-0.20501765872417252,0.932453609397869,0.22691756491056814,1.215238970852411,17.0
2024-10-25,-0.07466168124367988,0.9205866172526372,0.16080703500640012,0.96026104985917,27.0
2024-10-26,0.03810243910170922,1.058787937665804,-0.05445237114712281,0.6565458932367391,12.0
2024-10-27,-0.28583955721684057,1.1499821337324678,0.056765441693700035,1.2322321661565434,10.0
2024-10-28,0.43830945333804283,1.1573815214469243,0.4634794851982596,1.1044362050061538,19.0
2024-10-29,-0.23888208971864702,1.3320944096039782,-0.2851612945652921,0.5253932656998909,14.0
2024-10-30,-0.009820177770411316,0.9547526312117989,0.24945264498028838,0.9140576514483243,18.0
2024-10-31,-0.33542133075423014,0.7812330198381099,-0.22801869972692063,0.6498793066270582,21.0
2024-11-01,-0.08763835784037503,0.8933030815317335,-0.017838240780995347,1.135749503067251,17.0
2024-11-02,0.43406198253851636,1.2996110531378862,-0.435293876011861,0.3383446278414994,15.0
2024-11-03,0.18463954821750692,0.9994240151986195,0.33232332320094055,1.243725855335387,7.0
2024-11-04,0.3619873653094054,0.7650931520947338,0.31166125639396247,1.1169392534819556,20.0
2024-11-05,-0.3148407237683498,0.9910293762447497,-0.09834894524230356,0.6731444584573788,10.0
2024-11-06,-0.6271784622426454,0.4421134679986201,-0.25504050205850626,0.6441220029729822,4.0
2024-11-07,-0.06682421721645196,0.7816781517058639,0.7848826834631673,0.8917367303792841,4.0
2024-11-08,0.1914460400500671,1.1312069056209568,-0.2976504341078067,0.5509146148209019,16.0
2024-11-09,-0.04993541939333866,1.0298047455033237,-0.010006114189450112,1.0410918018168784,19.0
2024-11-10,-0.006002100837807713,0.9463107947460203,-0.21712446492127924,0.6645987986122367,12.0
2024-11-11,0.3295925479017283,0.909191704170843,-0.1256620592079119,1.000593572115788,5.0
2024-11-12,0.27732402482405427,1.6580582475103738,0.02688952605651766,1.2960519920789575,6.0
2024-11-13,0.14462381431952415,0.8546542150160339,-0.0842460561230104,0.8705294439509195,20.0
2024-11-14,-0.15719236312486298,1.2375019467085546,0.2842040418727137,1.049449906508918,7.0
2024-11-15,0.3501221527619978,0.6935966888228888,-0.13157849507894354,0.5895658471746313,13.0
2024-11-16,-0.06951991962022612,1.13829640195071,0.17128514501219283,1.2232581642870015,19.0
2024-11-17,-0.36749136137441496,1.2526158838069938,-0.13458440534584218,0.7329199258098247,10.0
2024-11-18,-0.16165393583526394,0.9502843360798453,-0.4240920262135774,0.3672134816647273,15.0
2024-11-19,0.006437745243657563,0.9938176185352399,0.08146816350387455,1.4759833422781434,28.0
2024-11-20,0.05920100023629426,1.058779884304183,-0.05343653162754929,1.0444276642306836,44.0
2024-11-21,-0.2385062861885632,0.9581432833213156,-0.03622111518893605,1.057247093541221,44.0
2024-11-22,0.10156887905343821,1.50096217747806,0.11417058893583615,1.2935984899588866,15.0
2024-11-23,-0.8798430790313905,0.5659589292928603,0.7686015252395965,1.7611063262018973,5.0
2024-11-24,0.09139116430494716,1.1760201466707634,-0.4643537140360353,0.19023756761463698,19.0
2024-11-25,0.0450767423843176,0.8674357874747963,-0.23116600340169188,0.726976951084993,27.0
2024-11-26,-0.31229062322556717,0.9483320340800251,0.2396356131201585,1.3555404496916792,11.0
2024-11-27,-0.3865933741175034,1.1010674100216322,0.4763522072173909,1.3012225558937143,16.0
2024-11-28,-0.03366957700219273,0.8480548471961935,-0.19735405617958038,0.7180043743089047,17.0
2024-11-29,-0.08521914200650722,1.0479195129378245,-0.2964829074315888,0.7828683444532665,20.0
2024-11-30,0.08077589250387218,0.8663579752847123,0.01001101406576473,0.8478547161472385,9.0
2024-12-01,-0.277709666302126,0.8966393235885648,-0.27573260696899227,0.4642550464568624,8.0
2024-12-02,-0.07569884961995135,0.7199214607706461,-0.027180857697420867,0.8682147225158559,21.0
2024-12-03,-0.42873412490127655,1.403446741313255,0.23005657089038561,1.1683810116892368,19.0
2024-12-04,-0.24383543765853097,1.2387000084767894,0.120579913317131,0.8622845028816688,17.0
2024-12-05,-0.12617093379870215,0.3796771076135464,-0.5253700557114984,0.13676200123879373,10.0
2024-12-06,-0.3885383666814077,0.7470703141188739,-0.1474226017228856,0.9386664378974735,22.0
2024-12-07,-0.1355784806057896,0.7369322670793048,-0.160491481273438,0.6009700652763652,12.0
2024-12-08,-0.19319258163441294,1.1253961653289823,-0.12820540210797107,0.7210764871683265,9.0
2024-12-09,0.1211751967702537,1.0012088841795843,-0.11830392587076502,1.3007072146268848,26.0
2024-12-10,-0.1858956431189125,1.1086062919237778,-0.07652322124964221,0.6890913443280751,18.0
2024-12-11,0.28283317018830567,0.7061588854386874,-0.37316531839454375,0.3451052403789441,14.0
2024-12-12,0.11189106946483005,0.9778006292577747,-0.08876673202027807,0.7869794290498241,28.0
2024-12-13,-0.3678825324402072,1.454854591820112,-0.058057982240560024,0.651101563011973,10.0
2024-12-14,0.11820162602311086,0.7552753020129584,0.03671162812206432,1.2245651502286126,20.0
2024-12-15,0.09499732583479321,0.7668318696543094,0.02701974621489664,1.0174478266074842,12.0
2024-12-16,0.1743097799126478,0.5373363347635799,-0.49912016403574366,0.1331911925370796,10.0
2024-12-17,-0.32599862516110895,0.9929764750211918,-0.14519765916645383,0.7893836447516391,8.0
2024-12-18,0.15805712658459872,0.7905620824303476,-0.24776637109876742,0.3447846339512875,5.0
2024-12-19,-0.03815928547949904,1.1277831915016656,0.16290756870561227,1.2005561424413405,9.0
2024-12-20,-0.3646093940565972,0.8703679941651782,0.4980876075976937,1.406510548522736,22.0
2024-12-21,-0.0205572490667826,0.7627781072317359,0.04489806380310095,1.0787860005708667,22.0
2024-12-22,-0.24667937382803995,0.8778823541268713,-0.5102797180456987,0.20540151052842048,6.0
2024-12-23,-0.5511317286743285,0.6742144783805826,0.1914833987106336,1.602869812443472,17.0
2024-12-24,-0.0580815423367373,0.9044430938690471,-0.3288560889828662,0.332444455170203,9.0
2024-12-25,0.49081863540111365,0.5471688808489684,-0.5363595059833798,0.19055925509519628,3.0
2024-12-26,-0.27051001178003486,1.1732148520595327,0.0025782025601238656,1.0051365135614256,7.0
2024-12-27,0.005576738440567795,0.10721556237703755,-0.1454797898599094,0.5027208933925387,2.0
2024-12-28,0.11122718325461675,1.023433757694872,-0.20509897397264223,0.6017626209214311,9.0
2024-12-29,0.228720292243096,0.8088735497277457,-0.26450809165097183,0.45829371977060857,13.0
2024-12-30,-0.14256126401988933,1.0278254967336362,0.5501927372142749,1.912933570542755,6.0
2024-12-31,-0.2532977750649272,0.8633512337356862,-0.1081899733471042,0.7701206806656197,8.0
2025-01-01,0.11898703901377428,0.9613855708310908,-0.04393040657493529,0.8900097818190051,28.0
2025-01-02,-0.15131324747328637,0.6811517827220905,-0.3614474661694505,0.37796589942229364,29.0
2025-01-03,-0.43244055363944744,0.8759058235751352,-0.39992430151726027,0.308972902132684,22.0
2025-01-04,-0.708833321896505,0.7719286909608527,0.6419837475183331,2.015935528209022,4.0
